{
  "cv_method": "stratified_5fold",
  "cv_results": {
    "PLQY": {
      "mae_mean": 0.02447134777903557,
      "mae_std": 0.005036723039345445,
      "r2_mean": 0.9616544485092163,
      "r2_std": 0.013130813560967451,
      "mae_scores": [
        0.022198334336280823,
        0.019700925797224045,
        0.02098577655851841,
        0.0257773045450449,
        0.033694397658109665
      ],
      "r2_scores": [
        0.969019889831543,
        0.9730806350708008,
        0.9713066816329956,
        0.9569085836410522,
        0.9379564523696899
      ]
    },
    "Emission_Peak": {
      "mae_mean": 0.6253732800483703,
      "mae_std": 0.06478400029143944,
      "r2_mean": 0.9059990286827088,
      "r2_std": 0.01810638590693073,
      "mae_scores": [
        0.6311787962913513,
        0.5399725437164307,
        0.570020318031311,
        0.6655674576759338,
        0.720127284526825
      ],
      "r2_scores": [
        0.9061734676361084,
        0.934013843536377,
        0.9121307730674744,
        0.8995105028152466,
        0.8781665563583374
      ]
    },
    "FWHM": {
      "mae_mean": 1.0971286058425904,
      "mae_std": 0.15842374726923242,
      "r2_mean": 0.9652585625648499,
      "r2_std": 0.01118592044021905,
      "mae_scores": [
        1.3409708738327026,
        1.2289007902145386,
        1.0039573907852173,
        0.9488539099693298,
        0.9629600644111633
      ],
      "r2_scores": [
        0.9452911019325256,
        0.9615976214408875,
        0.970985472202301,
        0.97100830078125,
        0.9774103164672852
      ]
    },
    "overall": {
      "mae_mean": 0.5823244112233321,
      "mae_std": 0.04674855173996161,
      "r2_mean": 0.9443040132522583,
      "r2_std": 0.008791587276160515,
      "mae_scores": [
        0.6647826681534449,
        0.5961914199093977,
        0.5316544951250156,
        0.5467328907301029,
        0.5722605821986994
      ],
      "r2_scores": [
        0.9401614864667257,
        0.9562307000160217,
        0.9514743089675903,
        0.9424757957458496,
        0.9311777750651041
      ]
    }
  },
  "quality_distribution": {
    "fair": 896,
    "good": 543,
    "excellent": 481,
    "poor": 80
  },
  "total_samples": 2000,
  "average_epochs_per_fold": 58.6,
  "device_used": "cpu",
  "individual_fold_results": [
    {
      "PLQY": {
        "mae": 0.022198334336280823,
        "r2": 0.969019889831543
      },
      "Emission_Peak": {
        "mae": 0.6311787962913513,
        "r2": 0.9061734676361084
      },
      "FWHM": {
        "mae": 1.3409708738327026,
        "r2": 0.9452911019325256
      },
      "overall": {
        "mae": 0.6647826681534449,
        "r2": 0.9401614864667257
      }
    },
    {
      "PLQY": {
        "mae": 0.019700925797224045,
        "r2": 0.9730806350708008
      },
      "Emission_Peak": {
        "mae": 0.5399725437164307,
        "r2": 0.934013843536377
      },
      "FWHM": {
        "mae": 1.2289007902145386,
        "r2": 0.9615976214408875
      },
      "overall": {
        "mae": 0.5961914199093977,
        "r2": 0.9562307000160217
      }
    },
    {
      "PLQY": {
        "mae": 0.02098577655851841,
        "r2": 0.9713066816329956
      },
      "Emission_Peak": {
        "mae": 0.570020318031311,
        "r2": 0.9121307730674744
      },
      "FWHM": {
        "mae": 1.0039573907852173,
        "r2": 0.970985472202301
      },
      "overall": {
        "mae": 0.5316544951250156,
        "r2": 0.9514743089675903
      }
    },
    {
      "PLQY": {
        "mae": 0.0257773045450449,
        "r2": 0.9569085836410522
      },
      "Emission_Peak": {
        "mae": 0.6655674576759338,
        "r2": 0.8995105028152466
      },
      "FWHM": {
        "mae": 0.9488539099693298,
        "r2": 0.97100830078125
      },
      "overall": {
        "mae": 0.5467328907301029,
        "r2": 0.9424757957458496
      }
    },
    {
      "PLQY": {
        "mae": 0.033694397658109665,
        "r2": 0.9379564523696899
      },
      "Emission_Peak": {
        "mae": 0.720127284526825,
        "r2": 0.8781665563583374
      },
      "FWHM": {
        "mae": 0.9629600644111633,
        "r2": 0.9774103164672852
      },
      "overall": {
        "mae": 0.5722605821986994,
        "r2": 0.9311777750651041
      }
    }
  ],
  "final_model_file": "cspbbr3_final_model.pth",
  "best_fold_model_file": "cspbbr3_best_fold_model.pth",
  "best_fold_r2": 0.9562307000160217,
  "final_model_epochs": 58
}